,PlayerUsername,PlayerHashtag
0,neveR,#god
1,100T bang,#0000
2,C9 Xeppaa,#XITER
3,LOUD Less,#LLL
4,SR mada,#1945
5,LFT nataNk1wnl,#1wnl
6,GE t3xture,#GEWlN
7,TSM NaturE,#RAT
8,00 artz1k4,#scott
9,curry,#66666
10,KC TakaS,#KLWM
11,krea6oN,#1337
12,SG something,#9861
13,aika,#1558
14,7AM FakeAnanas,#TTV
15,SEN zekken,#5193
16,add3r,#LFHER
17,RBLS FizzyXD,#999
18,Heretics AvovA,#uwu
19,diseased,#999
20,TBK anao sato,#lukxo
21,LEV keznitdeuS,#g0d14
22,Sp1ke,#SKK
23,TBG lurzyyyy,#Boss
24,G2 LFT OXY,#LIVE
25,Liquid nAts,#TATAR
26,Bç«™ASE Life,#ASE
27,SR v1c,#dazzL
28,kiNgg,#neave
29,ttv goberaa,#012
30,LOUD cauanzin,#2005
31,Cryocells,#Taffy
32,PRX f0rsakeN,#Huh
33,ODK Tisora,#zzz
34,FUT qRaxs,#8996
35,Heretics ZEEK,#0987
36,Kanpeki,#1111
37,BBL aimDLL,#XxX
38,BBL Elite,#demon
39,100T Asuna,#1111
40,Liquid Jamppi,#1964
41,BabyJ,#Halo
42,PROFEK,#023
43,SMB Izzy,#Lyda
44,Laceration,#Aiye
45,BDS kdvra,#7777
46,Gemma,#Malya
47,chase,#2005
48,canezera,#demon
49,zeldris,#ALTEA
50,AE DeLb,#0906
51,sentinels bryanL,#MVPWC
52,RN Chadi,#1337
53,GEN Meteor,#1219
54,JrayN,#FERO
55,lucas,#fonem
56,HIKE Kylee,#1TAP
57,M80 eeiu,#1da
58,LOUD tuyZ,#2003
59,ACE goldenb0yPL,#123
60,Leare,#1930
61,SEN tarik,#1337
62,Rossy,#jess
63,C9 vanity,#XITER
64,FANCY YESicaN,#7777
65,TBG VPNCNP,#fiumi
66,FUT ATA KAPTAN,#3535
67,xccurate,#1802
68,Best,#Bartu
69,2phones,#1010
70,kaajak,#0604
71,ALEKSANDAR,#3500
72,Lejyoner,#V11
73,OXG Reduxx,#brawk
74,FOKUS KPZET,#111
75,Relyks,#vibin
76,EP Minny,#0000
77,h6lma,#xdd
78,KOI Sheydos,#777
79,V1 effys,#LBE
80,EG Apoth,#DOG
81,FURIA mwzera,#2001
82,chiwa,#nacho
83,ZER DarkLight,#MANI
84,HIGHACSGYMDADDY,#TREN
85,KC amilwa,#amiL
86,ZETA Laz,#vell
87,nabil,#jess
88,S1 dash,#333
89,1ndra,#1443
90,ZachKappa,#EUW
91,Jxlius,#0000
92,BIG musashi,#000
93,CAOS cortezia,#2004
94,Harmful,#Rossy
95,UNION pancc,#1098
96,Eggsterr,#NJLTC
97,FUT qw1,#Plu
98,SR Crewen,#1TAP
99,EG BcJ,#5FT2
